Departamento;Municipio;Barrio
ATLÁNTICO;BARANOA;URBANIZACION VILLA CAROLINA 
ATLÁNTICO;BARANOA;FUNDASEC
ATLÁNTICO;BARANOA;EL MUELLE
ATLÁNTICO;BARANOA;ONCE DE NOVIEMBRE
ATLÁNTICO;BARANOA;SAN CAYETANO
ATLÁNTICO;BARANOA;NUEVA ESPERANZA 
ATLÁNTICO;BARANOA;GONGORA
ATLÁNTICO;BARANOA;VILLA DILIA
ATLÁNTICO;BARANOA;ESPAÑA
ATLÁNTICO;BARANOA;LOS ROBLES
ATLÁNTICO;BARANOA;MANZANARES 
ATLÁNTICO;BARANOA;CIUDADELA  DE LA PAZ
ATLÁNTICO;BARANOA;EL OASIS
ATLÁNTICO;BARANOA;CENTRO
ATLÁNTICO;BARANOA;LA CANDELARIA 
ATLÁNTICO;BARANOA;SANTA ELENA
ATLÁNTICO;BARANOA;LAS MARGARITAS
ATLÁNTICO;BARANOA;LOMA FRESCA
ATLÁNTICO;BARANOA;URBANIZACION SAN JOSE ETAPA I
ATLÁNTICO;BARANOA;LAS AMERICAS
ATLÁNTICO;BARANOA;SAN JOSE
ATLÁNTICO;BARANOA;PRIMERO DE ENERO 
ATLÁNTICO;BARANOA;RIOMAR
ATLÁNTICO;BARANOA;PRADITO
ATLÁNTICO;BARANOA;INVASION ALTOS DE LA SABANA 
ATLÁNTICO;BARANOA;LA ESPERANZA 
ATLÁNTICO;BARANOA;CALDAS
ATLÁNTICO;BARANOA;TORCOROMA
ATLÁNTICO;BARANOA;GUAYABAL
ATLÁNTICO;BARANOA;URBANIZACION EL CARMEN 
ATLÁNTICO;BARANOA;INVASION VILLA DEL SOL 
ATLÁNTICO;BARANOA;VILLA ELEYLA
ATLÁNTICO;BARANOA;SIETE DE OCTUBRE
ATLÁNTICO;BARANOA;VILLA CLARA
ATLÁNTICO;BARANOA;20 DE JULIO
ATLÁNTICO;BARANOA;INVASION ALTO DE BUENAVISTA
ATLÁNTICO;BARANOA;LA CEIBA 
ATLÁNTICO;BARANOA;URBANIZACION SAN JOSE ETAPA II
ATLÁNTICO;BARANOA;SAN MARTIN
ATLÁNTICO;BARANOA;CHAMBACU 
ATLÁNTICO;BARANOA;PARAISO
ATLÁNTICO;BARANOA;PORVENIR 
ATLÁNTICO;BARANOA;PRIMAVERA
ATLÁNTICO;BARANOA;INVASION ONCE DE MAYO
ATLÁNTICO;BARANOA;VILLA ANDREA 
ATLÁNTICO;BARANOA;BARAHONA 
ATLÁNTICO;BARANOA;BARRIOS4
ATLÁNTICO;BARANOA;TOPACIO
ATLÁNTICO;BARANOA;SANTA ANA
ATLÁNTICO;BARANOA;URBANIZACION EL ENCANTO 
ATLÁNTICO;BARANOA;PIÑIQUE
ATLÁNTICO;BARRANQUILLA;VILLAS DE SAN PABLO
ATLÁNTICO;BARRANQUILLA;EL RUBI
ATLÁNTICO;BARRANQUILLA;CORDIALIDAD
ATLÁNTICO;BARRANQUILLA;LAS DELICIAS
ATLÁNTICO;BARRANQUILLA;SIMON BOLIVAR
ATLÁNTICO;BARRANQUILLA;SAN NICOLAS
ATLÁNTICO;BARRANQUILLA;LA CONCEPCION
ATLÁNTICO;BARRANQUILLA;SAN ROQUE
ATLÁNTICO;BARRANQUILLA;EL PORVENIR
ATLÁNTICO;BARRANQUILLA;PARAISO
ATLÁNTICO;BARRANQUILLA;ALAMEDA DEL RIO
ATLÁNTICO;BARRANQUILLA;LA MAGDALENA
ATLÁNTICO;BARRANQUILLA;EL PRADO
ATLÁNTICO;BARRANQUILLA;EL BOSQUE
ATLÁNTICO;BARRANQUILLA;LA CHINITA
ATLÁNTICO;BARRANQUILLA;VILLA SAN PEDRO II
ATLÁNTICO;BARRANQUILLA;ATLANTICO
ATLÁNTICO;BARRANQUILLA;SAN PEDRO
ATLÁNTICO;BARRANQUILLA;SANTA MONICA 
ATLÁNTICO;BARRANQUILLA;LAS AMERICAS
ATLÁNTICO;BARRANQUILLA;VILLA SANTOS 
ATLÁNTICO;BARRANQUILLA;EL EDEN 2000
ATLÁNTICO;BARRANQUILLA;VILLA FLOR
ATLÁNTICO;BARRANQUILLA;UNIVERSAL 
ATLÁNTICO;BARRANQUILLA;VILLA DEL ROSARIO
ATLÁNTICO;BARRANQUILLA;VILLAS DE LA CORDIALIDAD
ATLÁNTICO;BARRANQUILLA;MIRAMAR
ATLÁNTICO;BARRANQUILLA;CALIFORNIA
ATLÁNTICO;BARRANQUILLA;ALTO PRADO
ATLÁNTICO;BARRANQUILLA;LAS GRANJAS
ATLÁNTICO;BARRANQUILLA;"LOMA FRESCA	"
ATLÁNTICO;BARRANQUILLA;SEVILLA REAL
ATLÁNTICO;BARRANQUILLA;LA SIERRITA
ATLÁNTICO;BARRANQUILLA;GRANADILLO
ATLÁNTICO;BARRANQUILLA;"EL ROMANCE	"
ATLÁNTICO;BARRANQUILLA;EL CASTILLO 
ATLÁNTICO;BARRANQUILLA;"BUENA ESPERANZA	"
ATLÁNTICO;BARRANQUILLA;BOYACA
ATLÁNTICO;BARRANQUILLA;LOS CONTINENTES
ATLÁNTICO;BARRANQUILLA;LA SIERRA
ATLÁNTICO;BARRANQUILLA;SAN FRANCISCO
ATLÁNTICO;BARRANQUILLA;LAS GARDENIAS
ATLÁNTICO;BARRANQUILLA;LOS ANDES
ATLÁNTICO;BARRANQUILLA;LA MANGA
ATLÁNTICO;BARRANQUILLA;LA PAZ
ATLÁNTICO;BARRANQUILLA;LA FLORESTA
ATLÁNTICO;BARRANQUILLA;BUENOS AIRES
ATLÁNTICO;BARRANQUILLA;PRIMERO DE MAYO
ATLÁNTICO;BARRANQUILLA;"KENNEDY	"
ATLÁNTICO;BARRANQUILLA;EL CARMEN
ATLÁNTICO;BARRANQUILLA;KALAMARY
ATLÁNTICO;BARRANQUILLA;BERNARDO HOYOS
ATLÁNTICO;BARRANQUILLA;PASADENA
ATLÁNTICO;BARRANQUILLA;CIUDADELA DE PAZ
ATLÁNTICO;BARRANQUILLA;SAN LUIS
ATLÁNTICO;BARRANQUILLA;EL PARQUE
ATLÁNTICO;BARRANQUILLA;NUEVO HORIZONTE
ATLÁNTICO;BARRANQUILLA;SANTA MARIA
ATLÁNTICO;BARRANQUILLA;CARLOS MEISEL
ATLÁNTICO;BARRANQUILLA;SANTA HELENA
ATLÁNTICO;BARRANQUILLA;ZONA FRANCA
ATLÁNTICO;BARRANQUILLA;LAS FLORES
ATLÁNTICO;BARRANQUILLA;BETANIA
ATLÁNTICO;BARRANQUILLA;NUEVA COLOMBIA
ATLÁNTICO;BARRANQUILLA;LOS TRUPILLOS
ATLÁNTICO;BARRANQUILLA;EL SANTUARIO
ATLÁNTICO;BARRANQUILLA;VILLA SEVILLA 
ATLÁNTICO;BARRANQUILLA;COLINA CAMPESTRE
ATLÁNTICO;BARRANQUILLA;UNIVERSAL II
ATLÁNTICO;BARRANQUILLA;SAN FELIPE
ATLÁNTICO;BARRANQUILLA;ANDALUCIA
ATLÁNTICO;BARRANQUILLA;VILLA SAN CARLOS
ATLÁNTICO;BARRANQUILLA;BARRIOS4
ATLÁNTICO;BARRANQUILLA;BELLA ARENA
ATLÁNTICO;BARRANQUILLA;BELLAVISTA
ATLÁNTICO;BARRANQUILLA;LOS JOBOS
ATLÁNTICO;BARRANQUILLA;EL GOLF
ATLÁNTICO;BARRANQUILLA;REBOLO
ATLÁNTICO;BARRANQUILLA;CARIBE VERDE
ATLÁNTICO;BARRANQUILLA;VILLA BLANCA
ATLÁNTICO;BARRANQUILLA;PASEO DE LA CASTELLANA
ATLÁNTICO;BARRANQUILLA;LA PRADERA
ATLÁNTICO;BARRANQUILLA;VILLATE
ATLÁNTICO;BARRANQUILLA;VILLA DEL CARMEN
ATLÁNTICO;BARRANQUILLA;EL GOLFO 
ATLÁNTICO;BARRANQUILLA;LA FLORIDA
ATLÁNTICO;BARRANQUILLA;LAS COLINAS
ATLÁNTICO;BARRANQUILLA;COLOMBIA
ATLÁNTICO;BARRANQUILLA;LAS NIEVES
ATLÁNTICO;BARRANQUILLA;CEVILLAR
ATLÁNTICO;BARRANQUILLA;ME QUEJO
ATLÁNTICO;BARRANQUILLA;EL CAMPITO
ATLÁNTICO;BARRANQUILLA;EVARISTO SOURDIS
ATLÁNTICO;BARRANQUILLA;LA LIBERTAD
ATLÁNTICO;BARRANQUILLA;"LAS TERRAZAS	"
ATLÁNTICO;BARRANQUILLA;VILLA SAN CARLOS II
ATLÁNTICO;BARRANQUILLA;EL POBLADO
ATLÁNTICO;BARRANQUILLA;LA CEIBA
ATLÁNTICO;BARRANQUILLA;LOS ANGELES III
ATLÁNTICO;BARRANQUILLA;LAS CAYENAS
ATLÁNTICO;BARRANQUILLA;EL EDEN I
ATLÁNTICO;BARRANQUILLA;LAS ESTRELLAS
ATLÁNTICO;BARRANQUILLA;NUEVA GRANADA
ATLÁNTICO;BARRANQUILLA;BENDICION DE DIOS
ATLÁNTICO;BARRANQUILLA;MONTECRISTO
ATLÁNTICO;BARRANQUILLA;BARRIO ABAJO
ATLÁNTICO;BARRANQUILLA;ALFONSO LOPEZ
ATLÁNTICO;BARRANQUILLA;LA UNION
ATLÁNTICO;BARRANQUILLA;7 DE AGOSTO
ATLÁNTICO;BARRANQUILLA;LOS ALPES
ATLÁNTICO;BARRANQUILLA;LA VICTORIA
ATLÁNTICO;BARRANQUILLA;VILLA DEL ESTE 
ATLÁNTICO;BARRANQUILLA;LA ESMERALDA
ATLÁNTICO;BARRANQUILLA;VILLA COUNTRY
ATLÁNTICO;BARRANQUILLA;LOS ROSALES
ATLÁNTICO;BARRANQUILLA;LIMON
ATLÁNTICO;BARRANQUILLA;LAS MERCEDES
ATLÁNTICO;BARRANQUILLA;EL MILAGRO
ATLÁNTICO;BARRANQUILLA;RIOMAR
ATLÁNTICO;BARRANQUILLA;PINAR DEL RIO
ATLÁNTICO;BARRANQUILLA;OLAYA
ATLÁNTICO;BARRANQUILLA;"EL TABOR	"
ATLÁNTICO;BARRANQUILLA;LA LOMA
ATLÁNTICO;BARRANQUILLA;SAN JOSE
ATLÁNTICO;BARRANQUILLA;CUCHILLA DE VILLATE
ATLÁNTICO;BARRANQUILLA;EL PUEBLO
ATLÁNTICO;BARRANQUILLA;CIUDAD MODESTO
ATLÁNTICO;BARRANQUILLA;TAYRONA
ATLÁNTICO;BARRANQUILLA;LAS PALMERAS 
ATLÁNTICO;BARRANQUILLA;ISLA LOMA
ATLÁNTICO;BARRANQUILLA;CAMPO ALEGRE
ATLÁNTICO;BARRANQUILLA;MONTES
ATLÁNTICO;BARRANQUILLA;VILLANUEVA
ATLÁNTICO;BARRANQUILLA;BUENAVISTA
ATLÁNTICO;BARRANQUILLA;ALTOS DEL LIMON
ATLÁNTICO;BARRANQUILLA;AMERICA
ATLÁNTICO;BARRANQUILLA;EL VALLE
ATLÁNTICO;BARRANQUILLA;BARLOVENTO
ATLÁNTICO;BARRANQUILLA;LAS TRES AVE MARIAS 
ATLÁNTICO;BARRANQUILLA;EL LIMONCITO
ATLÁNTICO;BARRANQUILLA;LA GLORIA
ATLÁNTICO;BARRANQUILLA;LAS PALMAS
ATLÁNTICO;BARRANQUILLA;EL RECREO
ATLÁNTICO;BARRANQUILLA;CENTRO
ATLÁNTICO;BARRANQUILLA;SANTA ANA
ATLÁNTICO;BARRANQUILLA;"CIUDADELA 20 DE JULIO	"
ATLÁNTICO;BARRANQUILLA;LA ALBORAYA
ATLÁNTICO;BARRANQUILLA;SAN SALVADOR
ATLÁNTICO;BARRANQUILLA;CARRIZAL
ATLÁNTICO;BARRANQUILLA;MERCEDES SUR
ATLÁNTICO;BARRANQUILLA;LOS LAURELES
ATLÁNTICO;BARRANQUILLA;LOS NOGALES
ATLÁNTICO;BARRANQUILLA;SAN ISIDRO
ATLÁNTICO;BARRANQUILLA;PALMAS DEL RIO
ATLÁNTICO;BARRANQUILLA;VILLA VALERIA
ATLÁNTICO;BARRANQUILLA;LOS GIRASOLES
ATLÁNTICO;BARRANQUILLA;VILLA VALERY
ATLÁNTICO;BARRANQUILLA;LIPAYA
ATLÁNTICO;BARRANQUILLA;SANTODOMINGO
ATLÁNTICO;BARRANQUILLA;LOS OLIVOS I
ATLÁNTICO;BARRANQUILLA;CIUDADELA DE LA SALUD
ATLÁNTICO;BARRANQUILLA;LA LUZ
ATLÁNTICO;BARRANQUILLA;LAS MALVINAS
ATLÁNTICO;BARRANQUILLA;EL ROSARIO
ATLÁNTICO;BARRANQUILLA;LA CUMBRE
ATLÁNTICO;BARRANQUILLA;LOS OLIVOS II
ATLÁNTICO;BARRANQUILLA;LOS ANGELES II
ATLÁNTICO;BARRANQUILLA;LAS DUNAS
ATLÁNTICO;BARRANQUILLA;LA PLAYA
ATLÁNTICO;BARRANQUILLA;SANTO DOMIMNGO DE GUZMAN
ATLÁNTICO;BARRANQUILLA;LUCERO
ATLÁNTICO;BARRANQUILLA;20 DE JULIO
ATLÁNTICO;BARRANQUILLA;MODELO
ATLÁNTICO;BARRANQUILLA;JUAN MINA
ATLÁNTICO;BARRANQUILLA;JOSE ANTONIO GALAN 
ATLÁNTICO;BARRANQUILLA;POR FIN
ATLÁNTICO;BARRANQUILLA;SIAPE
ATLÁNTICO;BARRANQUILLA;PUMAREJO
ATLÁNTICO;BARRANQUILLA;LOS PINOS
ATLÁNTICO;BARRANQUILLA;CIUDAD JARDIN
ATLÁNTICO;BARRANQUILLA;EL FERRY
ATLÁNTICO;BARRANQUILLA;BOSTON
ATLÁNTICO;BARRANQUILLA;EL SILENCIO
ATLÁNTICO;BARRANQUILLA;LOS ANGELES I
ATLÁNTICO;BARRANQUILLA;VILLA CAROLINA
ATLÁNTICO;BARRANQUILLA;SAN PEDRO ALEJANDRINO
ATLÁNTICO;BARRANQUILLA;SINAI
ATLÁNTICO;BARRANQUILLA;7 DE ABRIL
ATLÁNTICO;BARRANQUILLA;CHIQUINQUIRA
ATLÁNTICO;BARRANQUILLA;SAN MARINO 
ATLÁNTICO;BARRANQUILLA;LA CAMPITO
ATLÁNTICO;BARRANQUILLA;MODERNO
ATLÁNTICO;BARRANQUILLA;ALTAMIRA
ATLÁNTICO;BARRANQUILLA;ALTOS DE RIOMAR
ATLÁNTICO;BARRANQUILLA;SAN VICENTE 
ATLÁNTICO;BARRANQUILLA;LAS NUBES
ATLÁNTICO;BARRANQUILLA;INDUSTRIAL VIA 40
ATLÁNTICO;BARRANQUILLA;SOLAIRE NORTE
ATLÁNTICO;CAMPO DE LA CRUZ;LA INMACULADA
ATLÁNTICO;CAMPO DE LA CRUZ;SAN JOSE NORTE
ATLÁNTICO;CAMPO DE LA CRUZ;EL PRADO
ATLÁNTICO;CAMPO DE LA CRUZ;BLAS DE LESO
ATLÁNTICO;CAMPO DE LA CRUZ;EL PIÑONCITO
ATLÁNTICO;CAMPO DE LA CRUZ;LAS PALMITAS
ATLÁNTICO;CAMPO DE LA CRUZ;CARRETICO
ATLÁNTICO;CAMPO DE LA CRUZ;VILLA ESTADIO
ATLÁNTICO;CAMPO DE LA CRUZ;SAN SIXTO
ATLÁNTICO;CAMPO DE LA CRUZ;EL TRIUNFO
ATLÁNTICO;CAMPO DE LA CRUZ;EL DILUVIO
ATLÁNTICO;CAMPO DE LA CRUZ;TABARDILLO
ATLÁNTICO;CAMPO DE LA CRUZ;CRISTO REY
ATLÁNTICO;CAMPO DE LA CRUZ;BARRIOS4
ATLÁNTICO;CAMPO DE LA CRUZ;LA ESPERANZA
ATLÁNTICO;CAMPO DE LA CRUZ;LAS DELICIAS
ATLÁNTICO;CAMPO DE LA CRUZ;ALTAMIRA
ATLÁNTICO;CAMPO DE LA CRUZ;LAS MALVINAS
ATLÁNTICO;CAMPO DE LA CRUZ;SAN JOSE SUR
ATLÁNTICO;CAMPO DE LA CRUZ;8 DE FEBRERO
ATLÁNTICO;CAMPO DE LA CRUZ;EL HATO
ATLÁNTICO;CAMPO DE LA CRUZ;EL PINÑONCITO
ATLÁNTICO;CAMPO DE LA CRUZ;FLORES DE MARIA
ATLÁNTICO;CAMPO DE LA CRUZ;SAN SISTRO
ATLÁNTICO;CAMPO DE LA CRUZ;EL CENTRO
ATLÁNTICO;CAMPO DE LA CRUZ;EL CARMEN
ATLÁNTICO;CAMPO DE LA CRUZ;SAN PEDRITO
ATLÁNTICO;CANDELARIA;LOS ALMENDROS
ATLÁNTICO;CANDELARIA;SAN VICENTE
ATLÁNTICO;CANDELARIA;LA VICTORIA
ATLÁNTICO;CANDELARIA;BUENOS AIRES
ATLÁNTICO;CANDELARIA;URB. LA ESPERANZAVILLA MARIA
ATLÁNTICO;CANDELARIA;JUANA DIAZ
ATLÁNTICO;CANDELARIA;LA PIRAGUA
ATLÁNTICO;CANDELARIA;PARAISO
ATLÁNTICO;CANDELARIA;URB. CANDELARIA REAL 
ATLÁNTICO;CANDELARIA;BARRIOS4
ATLÁNTICO;CANDELARIA;EL PROGRESO
ATLÁNTICO;CANDELARIA;ALTO PARAISO
ATLÁNTICO;CANDELARIA;VILLA ALBA
ATLÁNTICO;CANDELARIA;ALTO PARAISO NORTE
ATLÁNTICO;CANDELARIA;CENTRO
ATLÁNTICO;CANDELARIA;VILLA ESTADIO
ATLÁNTICO;CANDELARIA;URB. NUEVA CANDELARIA
ATLÁNTICO;CANDELARIA;BRISAS DEL JUNCO
ATLÁNTICO;CANDELARIA;ESPERANZA
ATLÁNTICO;CANDELARIA;EL CARMEN
ATLÁNTICO;CANDELARIA;URB. SAN MIGUEL
ATLÁNTICO;GALAPA;LA CANDELARIA
ATLÁNTICO;GALAPA;LA FLORIDA
ATLÁNTICO;GALAPA;SALON AZUL
ATLÁNTICO;GALAPA;LA INMACULADA
ATLÁNTICO;GALAPA;SAN MARTIN
ATLÁNTICO;GALAPA;VILLA OLIMPICA
ATLÁNTICO;GALAPA;MUNDO FELIZ 1
ATLÁNTICO;GALAPA;EL CARMEN
ATLÁNTICO;GALAPA;BARRIOS4
ATLÁNTICO;GALAPA;EL LIBERTADOR
ATLÁNTICO;GALAPA;LA PIRAGUA
ATLÁNTICO;GALAPA;LAS PETRONITAS
ATLÁNTICO;GALAPA;ABAJO
ATLÁNTICO;GALAPA;GERLEIN
ATLÁNTICO;GALAPA;MANGA 3 DE MAYO
ATLÁNTICO;GALAPA;LAS MERCEDES
ATLÁNTICO;GALAPA;VILLA GENESIS
ATLÁNTICO;GALAPA;CRUZ DE JUBILEO
ATLÁNTICO;GALAPA;12 DE SEPTIEMBRE
ATLÁNTICO;GALAPA;LOS ATARDECERES
ATLÁNTICO;GALAPA;CAMAGUEY
ATLÁNTICO;GALAPA;MANGA DE PITAL
ATLÁNTICO;GALAPA;SAN LUIS
ATLÁNTICO;GALAPA;LA CANDELARIA II
ATLÁNTICO;GALAPA;VILLA VIRGINIA
ATLÁNTICO;GALAPA;CARRUAJES
ATLÁNTICO;GALAPA;MUNDO FELIZ 2
ATLÁNTICO;GALAPA;EL MOHAN
ATLÁNTICO;GALAPA;SAN ROQUE
ATLÁNTICO;GALAPA;SAN ANTONIO
ATLÁNTICO;GALAPA;ARRIBA
ATLÁNTICO;GALAPA;LOS ALMENDROS
ATLÁNTICO;GALAPA;VILLA SABITA
ATLÁNTICO;GALAPA;CENTRO
ATLÁNTICO;GALAPA;PARAISO
ATLÁNTICO;GALAPA;PUEBLITO NUEVO
ATLÁNTICO;GALAPA;MANGA DE RUBIO
ATLÁNTICO;GALAPA;SAN FRANCISCO
ATLÁNTICO;GALAPA;LA ESPERANZA
ATLÁNTICO;JUAN DE ACOSTA;VILLA ESTADIO
ATLÁNTICO;JUAN DE ACOSTA;VAIVÉN
ATLÁNTICO;JUAN DE ACOSTA;LOS SANAGUARES
ATLÁNTICO;JUAN DE ACOSTA;LA ESPERANZA
ATLÁNTICO;JUAN DE ACOSTA;EL PORVENIR
ATLÁNTICO;JUAN DE ACOSTA;LAS MORAS
ATLÁNTICO;JUAN DE ACOSTA;CONDADO PADILLA
ATLÁNTICO;JUAN DE ACOSTA;URBANIZACIÓN LAS TRINITARIAS
ATLÁNTICO;JUAN DE ACOSTA;EL RECREO
ATLÁNTICO;JUAN DE ACOSTA;LAS FLORES
ATLÁNTICO;JUAN DE ACOSTA;SAN MARTÍN
ATLÁNTICO;JUAN DE ACOSTA;EL PALENQUE
ATLÁNTICO;JUAN DE ACOSTA;EL REPASO
ATLÁNTICO;JUAN DE ACOSTA;LA BOMBA
ATLÁNTICO;JUAN DE ACOSTA;LA RELOJERA
ATLÁNTICO;JUAN DE ACOSTA;SANTA TERESA ETAPA 2
ATLÁNTICO;JUAN DE ACOSTA;LAS DELICIAS
ATLÁNTICO;JUAN DE ACOSTA;BELLA VISTA
ATLÁNTICO;JUAN DE ACOSTA;URBANIZACIÓN VILLA FELIZ
ATLÁNTICO;JUAN DE ACOSTA;LA NUEVA
ATLÁNTICO;JUAN DE ACOSTA;JORGE ELIECER GAITAN
ATLÁNTICO;JUAN DE ACOSTA;SANTA TERESA ETAPA 1
ATLÁNTICO;JUAN DE ACOSTA;EL BOLSILLO
ATLÁNTICO;JUAN DE ACOSTA;BUENOS AIRES
ATLÁNTICO;JUAN DE ACOSTA;LA GRANDE
ATLÁNTICO;JUAN DE ACOSTA;LA IGLESIA
ATLÁNTICO;JUAN DE ACOSTA;UBS LAS TRINITARIAS 
ATLÁNTICO;JUAN DE ACOSTA;EL HOJAL
ATLÁNTICO;JUAN DE ACOSTA;BARRIOS4
ATLÁNTICO;JUAN DE ACOSTA;VILLA CANDELARIA
ATLÁNTICO;LURUACO;LA UNION
ATLÁNTICO;LURUACO;EL CARMEN
ATLÁNTICO;LURUACO;EL PARQUE
ATLÁNTICO;LURUACO;SAN JOSE
ATLÁNTICO;LURUACO;ROSA MARIA
ATLÁNTICO;LURUACO;VILLA ESTADIO
ATLÁNTICO;LURUACO;PROGRESO ETAPA II
ATLÁNTICO;LURUACO;URBANIZACION ABRAHAM JUAN
ATLÁNTICO;LURUACO;FELIPE RIVERA
ATLÁNTICO;LURUACO;LA ESPERANZA
ATLÁNTICO;LURUACO;KENNEDY
ATLÁNTICO;LURUACO;LURUACO VIEJO
ATLÁNTICO;LURUACO;EL OASIS
ATLÁNTICO;LURUACO;EL CAMPITO
ATLÁNTICO;LURUACO;VILLA LURUACO
ATLÁNTICO;LURUACO;EL PRADITO
ATLÁNTICO;LURUACO;LUIS CARLOS GALAN
ATLÁNTICO;LURUACO;BARRIOS4
ATLÁNTICO;LURUACO;LA CONCEPCION
ATLÁNTICO;LURUACO;LA ISLA
ATLÁNTICO;LURUACO;LURUAQUITO
ATLÁNTICO;LURUACO;19 DE MARZO
ATLÁNTICO;LURUACO;PROGRESO ETAPA I
ATLÁNTICO;LURUACO;ONCE DE NOVIEMBRE
ATLÁNTICO;LURUACO;VILLA ARINDA
ATLÁNTICO;LURUACO;CENTRO
ATLÁNTICO;LURUACO;LA CEIBA
ATLÁNTICO;MALAMBO;PRADITO
ATLÁNTICO;MALAMBO;VILLA AIDA
ATLÁNTICO;MALAMBO;CIUDAD CARIBE
ATLÁNTICO;MALAMBO;VILLA PARAISO
ATLÁNTICO;MALAMBO;VILLA CAMPO
ATLÁNTICO;MALAMBO;SAN MARTIN I
ATLÁNTICO;MALAMBO;LA ESPERANZA
ATLÁNTICO;MALAMBO;CIUDADELA CARIBE REAL
ATLÁNTICO;MALAMBO;LA LUNA
ATLÁNTICO;MALAMBO;TESORO
ATLÁNTICO;MALAMBO;LA CHINITA
ATLÁNTICO;MALAMBO;LOS CIRUELOS
ATLÁNTICO;MALAMBO;LOS ANGELES
ATLÁNTICO;MALAMBO;SAN FERNANDO
ATLÁNTICO;MALAMBO;VILLA BERTHA
ATLÁNTICO;MALAMBO;MAGDALENA
ATLÁNTICO;MALAMBO;LOS MANGOS
ATLÁNTICO;MALAMBO;BARRIOS4
ATLÁNTICO;MALAMBO;VILLARICA I
ATLÁNTICO;MALAMBO;VILLA ROSA
ATLÁNTICO;MALAMBO;SAN JORGE
ATLÁNTICO;MALAMBO;LA MILAGROSA
ATLÁNTICO;MALAMBO;VILLAESTHER
ATLÁNTICO;MALAMBO;VILLA ESPERANZA
ATLÁNTICO;MALAMBO;CIUDAD BELEN
ATLÁNTICO;MALAMBO;MARANATHA
ATLÁNTICO;MALAMBO;MONTECARLO
ATLÁNTICO;MALAMBO;COLOMBIA
ATLÁNTICO;MALAMBO;VILLA RICA II
ATLÁNTICO;MALAMBO;LA RIVIERA
ATLÁNTICO;MALAMBO;PASITO
ATLÁNTICO;MALAMBO;SAN MARTIN II
ATLÁNTICO;MALAMBO;EL EDEN
ATLÁNTICO;MALAMBO;LA  POPA
ATLÁNTICO;MALAMBO;EL MANGUITO
ATLÁNTICO;MALAMBO;MI HABITAT
ATLÁNTICO;MALAMBO;ABAJO
ATLÁNTICO;MALAMBO;EL CARMEN
ATLÁNTICO;MALAMBO;SAN MARTIN III
ATLÁNTICO;MALAMBO;CAÑAGUATE
ATLÁNTICO;MALAMBO;CRISTO REY
ATLÁNTICO;MALAMBO;BRISAS DEL RIO
ATLÁNTICO;MALAMBO;MESOLANDIA
ATLÁNTICO;MALAMBO;EL CENTRO
ATLÁNTICO;MALAMBO;JUAN XXIII
ATLÁNTICO;MALAMBO;SAN SEBASTIAN
ATLÁNTICO;MALAMBO;SAN JOSE
ATLÁNTICO;MALAMBO;SAN ANTONIO
ATLÁNTICO;MALAMBO;CARRIZAL
ATLÁNTICO;MALAMBO;LA MANGA
ATLÁNTICO;MALAMBO;CONCORDE
ATLÁNTICO;MALAMBO;BELLAVISTA
ATLÁNTICO;MALAMBO;VILLACONCORDE
ATLÁNTICO;MALAMBO;EL PROGRESO
ATLÁNTICO;MALAMBO;MALAMBITO
ATLÁNTICO;MALAMBO;MIRAFLORES
ATLÁNTICO;MALAMBO;7 DE DICIEMBRE
ATLÁNTICO;MALAMBO;NUEVA ILUSION
ATLÁNTICO;MALAMBO;EL MORRITO
ATLÁNTICO;MALAMBO;GLADIADOR
ATLÁNTICO;MALAMBO;LLUVIA DE ORO
ATLÁNTICO;MALAMBO;LA VICTORIA
ATLÁNTICO;MALAMBO;23 DE SEPTIEMBRE
ATLÁNTICO;MALAMBO;LA FE
ATLÁNTICO;MALAMBO;ARMONIA SOCIAL
ATLÁNTICO;MALAMBO;MARQUETALIA
ATLÁNTICO;MALAMBO;MAGDALENA II
ATLÁNTICO;MANATI;EL OASIS
ATLÁNTICO;MANATI;BARRIOS4
ATLÁNTICO;MANATI;MONTELIBANO
ATLÁNTICO;MANATI;JUNIN
ATLÁNTICO;MANATI;LA FELICIDAD
ATLÁNTICO;MANATI;LA MOTOBOMBA
ATLÁNTICO;MANATI;LA FLORESTA
ATLÁNTICO;MANATI;JUNQUITO
ATLÁNTICO;MANATI;MANATI 1 ETAPA III
ATLÁNTICO;MANATI;CEMENTERIO
ATLÁNTICO;MANATI;CAMINO REAL
ATLÁNTICO;MANATI;MANATI 1 ETAPA II
ATLÁNTICO;MANATI;MEDIA TAPA
ATLÁNTICO;MANATI;20 DE JULIO
ATLÁNTICO;MANATI;SAN VICENTE
ATLÁNTICO;MANATI;LAS LOMITAS
ATLÁNTICO;MANATI;VILLA MATI
OTROS;OTROS;OTROS
ATLÁNTICO;PALMAR DE VARELA;VILLA JOSEFA
ATLÁNTICO;PALMAR DE VARELA;FLORENCIO
ATLÁNTICO;PALMAR DE VARELA;LA PRIMAVERA
ATLÁNTICO;PALMAR DE VARELA;VILLA PARAISO
ATLÁNTICO;PALMAR DE VARELA;LA INMACULADA
ATLÁNTICO;PALMAR DE VARELA;VILLA PALMAR
ATLÁNTICO;PALMAR DE VARELA;VILLA CAROLINA
ATLÁNTICO;PALMAR DE VARELA;VILLA NERYS
ATLÁNTICO;PALMAR DE VARELA;BARRIOS4
ATLÁNTICO;PALMAR DE VARELA;SAN JUAN
ATLÁNTICO;PALMAR DE VARELA;SAGRADO CORAZON
ATLÁNTICO;PALMAR DE VARELA;LOS ALMENDROS
ATLÁNTICO;PALMAR DE VARELA;LAS DELICIAS
ATLÁNTICO;PALMAR DE VARELA;PARA TU BIEN
ATLÁNTICO;PALMAR DE VARELA;EL PRADITO
ATLÁNTICO;PALMAR DE VARELA;ALFONZO LOPEZ
ATLÁNTICO;PIOJO;SANTAFE
ATLÁNTICO;PIOJO;CAMINO GRANDE
ATLÁNTICO;PIOJO;ABAJO
ATLÁNTICO;PIOJO;VILLALEDYS
ATLÁNTICO;PIOJO;LOS ALPES
ATLÁNTICO;PIOJO;BARRIOS4
ATLÁNTICO;PIOJO;EL CEMENTERIO
ATLÁNTICO;PIOJO;LA CRUZ
ATLÁNTICO;PIOJO;LA BOMBA
ATLÁNTICO;PIOJO;VILLA PARAISO
ATLÁNTICO;PIOJO;LAS PIÑUELAS
ATLÁNTICO;PIOJO;LOS OLIVOS
ATLÁNTICO;PIOJO;BELLAVISTA
ATLÁNTICO;PIOJO;LAS FLORES
ATLÁNTICO;PIOJO;CENTRO
ATLÁNTICO;PIOJO;EL HANUME
ATLÁNTICO;PIOJO;CHAMBACU
ATLÁNTICO;PIOJO;LAS ACACIAS
ATLÁNTICO;POLONUEVO;EL TAMARINDO
ATLÁNTICO;POLONUEVO;EL CARMEN
ATLÁNTICO;POLONUEVO;EL CEMENTERIO
ATLÁNTICO;POLONUEVO;LA ARENOSA
ATLÁNTICO;POLONUEVO;LA PAZ
ATLÁNTICO;POLONUEVO;LA AVIANCA
ATLÁNTICO;POLONUEVO;LOS ÁNGELES
ATLÁNTICO;POLONUEVO;EL PRADITO
ATLÁNTICO;POLONUEVO;LOS ALMENDROS
ATLÁNTICO;POLONUEVO;LA VICTORIA
ATLÁNTICO;POLONUEVO;MIRAFLORES
ATLÁNTICO;POLONUEVO;ALFONSO LOPEZ
ATLÁNTICO;POLONUEVO;LA PLAZA
ATLÁNTICO;POLONUEVO;URBANIZACIÓN VILLA CAROLINA
ATLÁNTICO;POLONUEVO;CENTRO
ATLÁNTICO;POLONUEVO;6 DE NOVIEMBRE
ATLÁNTICO;POLONUEVO;CAMILO TORRES
ATLÁNTICO;POLONUEVO;BARRIOS4
ATLÁNTICO;POLONUEVO;LA LOMA
ATLÁNTICO;POLONUEVO;PORVENIR
ATLÁNTICO;POLONUEVO;URBANIZACIÓN NUEVO HORIZONTE
ATLÁNTICO;POLONUEVO;URBANIZACIÓN SAN JOSE  
ATLÁNTICO;PONEDERA;LA PLAZA
ATLÁNTICO;PONEDERA;LA CONCEPCION
ATLÁNTICO;PONEDERA;EL TACON
ATLÁNTICO;PONEDERA;SAN JORGE
ATLÁNTICO;PONEDERA;LOS ROBLEZ
ATLÁNTICO;PONEDERA;LA CANDELARIA
ATLÁNTICO;PONEDERA;CENTRO
ATLÁNTICO;PONEDERA;LA PACHITA
ATLÁNTICO;PONEDERA;ABAJO
ATLÁNTICO;PONEDERA;LOS ROBLES
ATLÁNTICO;PONEDERA;SAN FRANCISCO
ATLÁNTICO;PONEDERA;BARRIOS4
ATLÁNTICO;PONEDERA;LOS TRUPILLOS
ATLÁNTICO;PONEDERA;JORGE ELIECER GAITAN
ATLÁNTICO;PUERTO COLOMBIA;LOMA DE ORO
ATLÁNTICO;PUERTO COLOMBIA;CENTRO 2
ATLÁNTICO;PUERTO COLOMBIA;ALTOS DE PRADOMAR
ATLÁNTICO;PUERTO COLOMBIA;NUEVO HORIZONTE
ATLÁNTICO;PUERTO COLOMBIA;VILLA ROSALES
ATLÁNTICO;PUERTO COLOMBIA;LAS AMERICAS
ATLÁNTICO;PUERTO COLOMBIA;SAN CARLOS
ATLÁNTICO;PUERTO COLOMBIA;EL CARMEN
ATLÁNTICO;PUERTO COLOMBIA;LA AURORA 1
ATLÁNTICO;PUERTO COLOMBIA;URB MAR AZUL
ATLÁNTICO;PUERTO COLOMBIA;EL CORZO
ATLÁNTICO;PUERTO COLOMBIA;UNION PARAISO
ATLÁNTICO;PUERTO COLOMBIA;VISTAMAR
ATLÁNTICO;PUERTO COLOMBIA;LAS MARGARITAS
ATLÁNTICO;PUERTO COLOMBIA;MIRAMAR
ATLÁNTICO;PUERTO COLOMBIA;LA RISOTA
ATLÁNTICO;PUERTO COLOMBIA;NORTE 1
ATLÁNTICO;PUERTO COLOMBIA;NORTE 2
ATLÁNTICO;PUERTO COLOMBIA;EL ANCLA
ATLÁNTICO;PUERTO COLOMBIA;LA AURORA 2
ATLÁNTICO;PUERTO COLOMBIA;CORREDOR UNIVERSITARIO
ATLÁNTICO;PUERTO COLOMBIA;LA VICTORIA
ATLÁNTICO;PUERTO COLOMBIA;URB VILLA ENCANTO
ATLÁNTICO;PUERTO COLOMBIA;VILLA ROSARIO 2
ATLÁNTICO;PUERTO COLOMBIA;URBATERMINAL
ATLÁNTICO;PUERTO COLOMBIA;LA ROSITA
ATLÁNTICO;PUERTO COLOMBIA;COLINAS DEL SOL
ATLÁNTICO;PUERTO COLOMBIA;URB BRISAS DE PUERTO
ATLÁNTICO;PUERTO COLOMBIA;LOMA FRESCA
ATLÁNTICO;PUERTO COLOMBIA;CENTRO 1
ATLÁNTICO;PUERTO COLOMBIA;VILLA ROSARIO
ATLÁNTICO;PUERTO COLOMBIA;PASTRANA
ATLÁNTICO;PUERTO COLOMBIA;URB BELLOMAR
ATLÁNTICO;PUERTO COLOMBIA;SALSIPUEDES
ATLÁNTICO;PUERTO COLOMBIA;PUNTA BRAVA
ATLÁNTICO;PUERTO COLOMBIA;PRADOMAR
ATLÁNTICO;PUERTO COLOMBIA;EL MUELLE
ATLÁNTICO;PUERTO COLOMBIA;COSTA AZUL
ATLÁNTICO;PUERTO COLOMBIA;BARRIOS4
ATLÁNTICO;PUERTO COLOMBIA;SILENCIO
ATLÁNTICO;PUERTO COLOMBIA;SIETE DE AGOSTO
ATLÁNTICO;PUERTO COLOMBIA;ALTOS DE CUPINO
ATLÁNTICO;PUERTO COLOMBIA;URB VISTAS DE PRADOMAR
ATLÁNTICO;REPELON;LAS CLARITAS
ATLÁNTICO;REPELON;CALLE CENTRAL
ATLÁNTICO;REPELON;CALLE PARAISO
ATLÁNTICO;REPELON;PORVENIR
ATLÁNTICO;REPELON;CALLE LAS FLORES
ATLÁNTICO;REPELON;VILLA CAROLINA
ATLÁNTICO;REPELON;SAN MIGUEL
ATLÁNTICO;REPELON;VILLA LOURDES
ATLÁNTICO;REPELON;SANTA RITA
ATLÁNTICO;REPELON;MARCOS LOPERA
ATLÁNTICO;REPELON;LA ESPERANZA
ATLÁNTICO;REPELON;LAS PALMAS
ATLÁNTICO;REPELON;NARVAEZ
ATLÁNTICO;REPELON;CALLE LA FE
ATLÁNTICO;REPELON;KENNEDY ABAJO
ATLÁNTICO;REPELON;CALLE NUEVA
ATLÁNTICO;REPELON;BARRIOS4
ATLÁNTICO;REPELON;NUEVO MILENIO
ATLÁNTICO;REPELON;SAN LUIS
ATLÁNTICO;REPELON;7 DE AGOSTO
ATLÁNTICO;REPELON;CALLE CARTAGENA
ATLÁNTICO;REPELON;VILLA MARY
ATLÁNTICO;REPELON;KENNEDY ARRIBA
ATLÁNTICO;REPELON;CALLE TAMARINDO
ATLÁNTICO;SABANAGRANDE;LA MARIA
ATLÁNTICO;SABANAGRANDE;LIBERTADOR
ATLÁNTICO;SABANAGRANDE;EL TIBURON
ATLÁNTICO;SABANAGRANDE;RECREO
ATLÁNTICO;SABANAGRANDE;BARRIOS4
ATLÁNTICO;SABANAGRANDE;VILLA CELINA
ATLÁNTICO;SABANAGRANDE;DOS DE MARZO
ATLÁNTICO;SABANAGRANDE;PUNTA BRAVA
ATLÁNTICO;SABANAGRANDE;FATIMA
ATLÁNTICO;SABANAGRANDE;LA MARIA II
ATLÁNTICO;SABANAGRANDE;SANTA RITA
ATLÁNTICO;SABANAGRANDE;LOS CARACOLES
ATLÁNTICO;SABANAGRANDE;ALTOS DE BETANIA
ATLÁNTICO;SABANAGRANDE;VILLA M,ARCELA II
ATLÁNTICO;SABANAGRANDE;LA PRIMAVERA
ATLÁNTICO;SABANAGRANDE;GAITAN
ATLÁNTICO;SABANAGRANDE;VILLA MARIA
ATLÁNTICO;SABANAGRANDE;VILLA MARCELA III
ATLÁNTICO;SABANAGRANDE;SAN JUAN BOSCO
ATLÁNTICO;SABANAGRANDE;VILLA MARCELA I
ATLÁNTICO;SABANAGRANDE;PLAZA
ATLÁNTICO;SABANAGRANDE;LA PALESTINA
ATLÁNTICO;SABANAGRANDE;FRIAS
ATLÁNTICO;SABANAGRANDE;BETANIA
ATLÁNTICO;SABANAGRANDE;SAN FRANCISCO
ATLÁNTICO;SABANAGRANDE;URBANIZACION SAN ANTONIO
ATLÁNTICO;SABANALARGA;LAS LOMAS
ATLÁNTICO;SABANALARGA;LA FERIA
ATLÁNTICO;SABANALARGA;LA FUENTE
ATLÁNTICO;SABANALARGA;EL OASIS
ATLÁNTICO;SABANALARGA;REY JOSE
ATLÁNTICO;SABANALARGA; CASCAJALITO
ATLÁNTICO;SABANALARGA;INVASION 31 DE ENERO
ATLÁNTICO;SABANALARGA;INVASION 20 DE ENERO
ATLÁNTICO;SABANALARGA;1 DE DICIEMBRE
ATLÁNTICO;SABANALARGA;LA MANGA
ATLÁNTICO;SABANALARGA;LAS COLINAS
ATLÁNTICO;SABANALARGA;EVARISTO SOURDIS 2
ATLÁNTICO;SABANALARGA;EL PORVENIR
ATLÁNTICO;SABANALARGA;JHON F. KENNEDY
ATLÁNTICO;SABANALARGA;INVASION 7 DE MAYO
ATLÁNTICO;SABANALARGA;VILLA CARMEN
ATLÁNTICO;SABANALARGA;URBANIZACION LA FLORIDA
ATLÁNTICO;SABANALARGA;EVARISTO SOURDIZ
ATLÁNTICO;SABANALARGA;LOS CLAVELES
ATLÁNTICO;SABANALARGA;VILLA LEWIS
ATLÁNTICO;SABANALARGA;1 DE MAYO
ATLÁNTICO;SABANALARGA;VILLA CARMEN 2
ATLÁNTICO;SABANALARGA;URBANIZACION SEMILLAS DE FE
ATLÁNTICO;SABANALARGA;URBANIZACION VILLA ELENA
ATLÁNTICO;SABANALARGA;LA UNION
ATLÁNTICO;SABANALARGA;11 DE FEBRERO
ATLÁNTICO;SABANALARGA;EL PARAISO
ATLÁNTICO;SABANALARGA;LA SABANA
ATLÁNTICO;SABANALARGA;INVASION 7 DE AGOSTO
ATLÁNTICO;SABANALARGA;EVARISTO SOURDIS
ATLÁNTICO;SABANALARGA;BELLA VISTA
ATLÁNTICO;SABANALARGA;LAS MERCEDES
ATLÁNTICO;SABANALARGA;EL PRADITO
ATLÁNTICO;SABANALARGA;VILLA ESPERANZA
ATLÁNTICO;SABANALARGA;EVARISTO SOURDIZ 2
ATLÁNTICO;SABANALARGA;BARRIOS4
ATLÁNTICO;SABANALARGA;INVASION LA MANO DE DIOS
ATLÁNTICO;SABANALARGA;EL TOLIMA
ATLÁNTICO;SABANALARGA;LA ALIANZA
ATLÁNTICO;SABANALARGA;VILLA ALEJO
ATLÁNTICO;SABANALARGA;LA CANDELARIA
ATLÁNTICO;SABANALARGA;LA BOLIVAR
ATLÁNTICO;SABANALARGA;URBANIZACION LAS CAMELIAS
ATLÁNTICO;SABANALARGA;PLAZA MEJIA
ATLÁNTICO;SABANALARGA;LA BENDICION DE DIOS
ATLÁNTICO;SABANALARGA;LA CAMPIÑA
ATLÁNTICO;SABANALARGA;INVACION SANTA ROSA
ATLÁNTICO;SABANALARGA;SAN CARLOS
ATLÁNTICO;SABANALARGA;CALLE CALDAS
ATLÁNTICO;SABANALARGA;LOS CAMPANOS
ATLÁNTICO;SABANALARGA;URBANIZACION NUEVO HORIZONTE
ATLÁNTICO;SABANALARGA;VILLA CONCEPCION
ATLÁNTICO;SABANALARGA;SANTANDER
ATLÁNTICO;SABANALARGA;LOS MANGUITOS
ATLÁNTICO;SABANALARGA;PUERTO AMOR 
ATLÁNTICO;SABANALARGA;SAN JOSE
ATLÁNTICO;SABANALARGA;URBANIZACION LOS ANGELES 2
ATLÁNTICO;SABANALARGA;LA VOZ DEL PUEBLO
ATLÁNTICO;SABANALARGA;JAGUEY DE VILLA
ATLÁNTICO;SABANALARGA;EL CENTRO
ATLÁNTICO;SABANALARGA;LA CONCEPCION
ATLÁNTICO;SABANALARGA;LOS ANGELES
ATLÁNTICO;SABANALARGA;INVACION 20 DE ENERO
ATLÁNTICO;SABANALARGA;LAS CAMPIÑAS
ATLÁNTICO;SABANALARGA;LOS NOGALES
ATLÁNTICO;SABANALARGA;VILLA CARIBE
ATLÁNTICO;SABANALARGA;NUEVA ESPERANZA
ATLÁNTICO;SABANALARGA;INVACION 31 DE ENERO
ATLÁNTICO;SABANALARGA;LAS QUINTAS
ATLÁNTICO;SABANALARGA;SABANITA Y CEMENTERIO
ATLÁNTICO;SABANALARGA;LAS MERCEDEZ
ATLÁNTICO;SABANALARGA;AVENIDA RIBON
ATLÁNTICO;SABANALARGA;LOS ROBLES
ATLÁNTICO;SABANALARGA;URBANIZACION LAS QUINTAS
ATLÁNTICO;SABANALARGA;VILLA BELEN
ATLÁNTICO;SABANALARGA;LAS MELISAS
ATLÁNTICO;SABANALARGA;SAN CARLOS 2
ATLÁNTICO;SABANALARGA;INVASION LA PAZ
ATLÁNTICO;SABANALARGA;INVACION 7 DE MAYO
ATLÁNTICO;SABANALARGA;JHON F. KENEDDY
ATLÁNTICO;SABANALARGA;AVENIDA BOGOTA
ATLÁNTICO;SABANALARGA;INVASION LA BENDICION DE DIOS
ATLÁNTICO;SABANALARGA;GETSEMANI
ATLÁNTICO;SABANALARGA;INVASION SANTA ROSA
ATLÁNTICO;SABANALARGA;LAS AMERICAS
ATLÁNTICO;SABANALARGA;ISABEL CRISTINA
ATLÁNTICO;SABANALARGA;SAN ANTONIO
ATLÁNTICO;SABANALARGA;INVACION 7 DE AGOSTO
ATLÁNTICO;SABANALARGA;LA FLORIDA
ATLÁNTICO;SABANALARGA;INVACION LA PAZ
ATLÁNTICO;SABANALARGA;URBANIZACION ALTOS DE GUADALUPE
ATLÁNTICO;SANTA LUCÍA;MOCANA
ATLÁNTICO;SANTA LUCÍA;EL CARMEN
ATLÁNTICO;SANTA LUCÍA;PORTAL DEL SOL
ATLÁNTICO;SANTA LUCÍA;BARRIO CHIMBAL
ATLÁNTICO;SANTA LUCÍA;CHIMBA
ATLÁNTICO;SANTA LUCÍA;VILLANDA LUCIA
ATLÁNTICO;SANTA LUCÍA;CHIVERA
ATLÁNTICO;SANTA LUCÍA;PRIMAVERA
ATLÁNTICO;SANTA LUCÍA;BARRIO ARRIBA
ATLÁNTICO;SANTA LUCÍA;BARRIO ABAJO
ATLÁNTICO;SANTA LUCÍA;LA FE EN DIOS
ATLÁNTICO;SANTA LUCÍA;BARRIO 3 DE MAYO
ATLÁNTICO;SANTA LUCÍA;CENTRO
ATLÁNTICO;SANTA LUCÍA;ARRIBA
ATLÁNTICO;SANTA LUCÍA;BARRIOS4
ATLÁNTICO;SANTA LUCÍA;PROGRESO I Y II
ATLÁNTICO;SANTA LUCÍA;ANDA LUCIA
ATLÁNTICO;SANTA LUCÍA;SANTA LUCIA II
ATLÁNTICO;SANTA LUCÍA;BARRIO CENTRO
ATLÁNTICO;SANTA LUCÍA;MOKANA
ATLÁNTICO;SANTA LUCÍA;VILLA ANDA LUCIA
ATLÁNTICO;SANTA LUCÍA;LA GALLERA
ATLÁNTICO;SANTA LUCÍA;BARRIO EL CARMEN
ATLÁNTICO;SANTA LUCÍA;ABAJO
ATLÁNTICO;SANTA LUCÍA;SINOS DEJAN
ATLÁNTICO;SANTA LUCÍA;LA PRIMAVERA
ATLÁNTICO;SANTA LUCÍA;INVASION LAS LETRAS
ATLÁNTICO;SANTA LUCÍA;20 DE ENERO
ATLÁNTICO;SANTA LUCÍA;FE EN DIOS
ATLÁNTICO;SANTA LUCÍA;PROGRESO
ATLÁNTICO;SANTA LUCÍA;SANTA LUCIA 2
ATLÁNTICO;SANTA LUCÍA;SI NOS DEJAN
ATLÁNTICO;SANTA LUCÍA;LA CHIVERA
ATLÁNTICO;SANTA LUCÍA;BARRIO 20 DE ENERO
ATLÁNTICO;SANTO TOMAS;AVISPERO
ATLÁNTICO;SANTO TOMAS;VILLA NUEVA
ATLÁNTICO;SANTO TOMAS;LA BONGUITA
ATLÁNTICO;SANTO TOMAS;VILLA CATALINA
ATLÁNTICO;SANTO TOMAS;BALLESTERO
ATLÁNTICO;SANTO TOMAS;BARRIO EL CARMEN
ATLÁNTICO;SANTO TOMAS;CAMINO REAL
ATLÁNTICO;SANTO TOMAS;BUENA ESPERANZA
ATLÁNTICO;SANTO TOMAS;CENTRO
ATLÁNTICO;SANTO TOMAS;VILLA LEDIS
ATLÁNTICO;SANTO TOMAS;ALTAMIRA
ATLÁNTICO;SANTO TOMAS;LA ARENOSA
ATLÁNTICO;SANTO TOMAS;LOS MANGOS
ATLÁNTICO;SANTO TOMAS;CENTRO LA INDEPENDENCIA
ATLÁNTICO;SANTO TOMAS;LA CIENAGA
ATLÁNTICO;SANTO TOMAS;LAS NUBES
ATLÁNTICO;SANTO TOMAS;BARRIOS4
ATLÁNTICO;SANTO TOMAS;VIA A POLONUEVO
ATLÁNTICO;SANTO TOMAS;LAS MERCEDES
ATLÁNTICO;SANTO TOMAS;CASTOR
ATLÁNTICO;SANTO TOMAS;TIO RONCO
ATLÁNTICO;SANTO TOMAS;EL TAMARINDO
ATLÁNTICO;SANTO TOMAS;EL PELU
ATLÁNTICO;SANTO TOMAS;EL CONEJO
ATLÁNTICO;SANTO TOMAS;CAÑA FITULA
ATLÁNTICO;SANTO TOMAS;EL MAMON
ATLÁNTICO;SANTO TOMAS;NUEVO HORIZONTE
ATLÁNTICO;SANTO TOMAS;CALLE LA CIENAGA
ATLÁNTICO;SANTO TOMAS;LOMA GRANDE
ATLÁNTICO;SANTO TOMAS;VILLA COLOMBIA
ATLÁNTICO;SANTO TOMAS;BARRIZAL
ATLÁNTICO;SANTO TOMAS;20 DE JULIO
ATLÁNTICO;SANTO TOMAS;LAS CAYENAS
ATLÁNTICO;SANTO TOMAS;EL SILVADERO
ATLÁNTICO;SANTO TOMAS;PRIMERO DE MAYO
ATLÁNTICO;SANTO TOMAS;CAMINO JAPON
ATLÁNTICO;SANTO TOMAS;LAS PALMERAS
ATLÁNTICO;SANTO TOMAS;CALLE NUEVA
ATLÁNTICO;SANTO TOMAS;LA FLORIDA
ATLÁNTICO;SANTO TOMAS;7 DE AGOSTO
ATLÁNTICO;SANTO TOMAS;BAQUERO
ATLÁNTICO;SANTO TOMAS;VILLA CLARENTINA
ATLÁNTICO;SANTO TOMAS;LAS PARCELAS
ATLÁNTICO;SANTO TOMAS;POBLADO CAMPESTRE 
ATLÁNTICO;SANTO TOMAS;LOS COCOS
ATLÁNTICO;SANTO TOMAS;SAN JOSE
ATLÁNTICO;SANTO TOMAS;CENTRA GRANADA
ATLÁNTICO;SANTO TOMAS;PALO NEGRO
ATLÁNTICO;SANTO TOMAS;EL LUCERO
ATLÁNTICO;SANTO TOMAS;EL DORAL
ATLÁNTICO;SANTO TOMAS;ALFONSO LOPEZ
ATLÁNTICO;SANTO TOMAS;CALLE GRANDE
ATLÁNTICO;SANTO TOMAS;LA MONTAÑA
ATLÁNTICO;SANTO TOMAS;SAN NICOLAS
ATLÁNTICO;SANTO TOMAS;SANTA HELENA
ATLÁNTICO;SANTO TOMAS;LA UNION
ATLÁNTICO;SANTO TOMAS;BELLA VISTA
ATLÁNTICO;SANTO TOMAS;ARROYITO
ATLÁNTICO;SANTO TOMAS;GUASIMAL
ATLÁNTICO;SANTO TOMAS;CALABACILLA
ATLÁNTICO;SANTO TOMAS;EL UVITO
ATLÁNTICO;SANTO TOMAS;LOMA CHAPETON
ATLÁNTICO;SANTO TOMAS;SECTOR BADILLO
ATLÁNTICO;SANTO TOMAS;BOYE
ATLÁNTICO;SOLEDAD;VILLA DE ARAGON
ATLÁNTICO;SOLEDAD;ANTONIO NARIÑO
ATLÁNTICO;SOLEDAD;LAS GAVIOTAS
ATLÁNTICO;SOLEDAD;VILLA LOZANO
ATLÁNTICO;SOLEDAD;PORTAL DE SAN ANTONIO
ATLÁNTICO;SOLEDAD;CIUDAD CARIBE IV
ATLÁNTICO;SOLEDAD;VILLA ANITA
ATLÁNTICO;SOLEDAD;VIÑA DEL REY
ATLÁNTICO;SOLEDAD;VILLA SANTA
ATLÁNTICO;SOLEDAD;MORAS OCCIDENTE
ATLÁNTICO;SOLEDAD;16 DE JUNIO
ATLÁNTICO;SOLEDAD;EL ENCANTO
ATLÁNTICO;SOLEDAD;TAJAMAR II
ATLÁNTICO;SOLEDAD;VILLA SOLEDAD
ATLÁNTICO;SOLEDAD;LA CUCHILLA DE LOS ANGELES
ATLÁNTICO;SOLEDAD;VILLA MERLY
ATLÁNTICO;SOLEDAD;RESERVA DE LOS ALMENDROS
ATLÁNTICO;SOLEDAD;LA VIOLA
ATLÁNTICO;SOLEDAD;EL PARQUE
ATLÁNTICO;SOLEDAD;LOS LIBERTADORES
ATLÁNTICO;SOLEDAD;VILLAS DE SOLEDAD
ATLÁNTICO;SOLEDAD;LA ARBOLEDA
ATLÁNTICO;SOLEDAD;LOS ROBLES
ATLÁNTICO;SOLEDAD;PUMAREJO
ATLÁNTICO;SOLEDAD;VILLA ADELA II
ATLÁNTICO;SOLEDAD;EL JORDAN
ATLÁNTICO;SOLEDAD;SAL SI PUEDE
ATLÁNTICO;SOLEDAD;EL OASIS
ATLÁNTICO;SOLEDAD;VILLA ESTADIO
ATLÁNTICO;SOLEDAD;CRUZ DE MAYO
ATLÁNTICO;SOLEDAD;VILLA MARIA SILENA
ATLÁNTICO;SOLEDAD;EL MANANTIAL
ATLÁNTICO;SOLEDAD;LAS COMETAS
ATLÁNTICO;SOLEDAD;CALLE DE LAS FLORES
ATLÁNTICO;SOLEDAD;JUAN DOMINGUEZ ROMERO
ATLÁNTICO;SOLEDAD;RENACER
ATLÁNTICO;SOLEDAD;EL TRIUNFO
ATLÁNTICO;SOLEDAD;LOS BALCANES
ATLÁNTICO;SOLEDAD;TERRANOVA
ATLÁNTICO;SOLEDAD;SITIO HERMOSO
ATLÁNTICO;SOLEDAD;EL FERROCARRIL
ATLÁNTICO;SOLEDAD;RIOS DE AGUA VIVA
ATLÁNTICO;SOLEDAD;NUEVO TRIUNFO
ATLÁNTICO;SOLEDAD;CENTRO
ATLÁNTICO;SOLEDAD;CIUDAD BONITA
ATLÁNTICO;SOLEDAD;VILLA ADELA
ATLÁNTICO;SOLEDAD;TAJAMAR
ATLÁNTICO;SOLEDAD;LA CANDELARIA I
ATLÁNTICO;SOLEDAD;LOS CEREZOS
ATLÁNTICO;SOLEDAD;LOS MANGOS
ATLÁNTICO;SOLEDAD;NUEVO MILENIO
ATLÁNTICO;SOLEDAD;VILLA SALAMAR
ATLÁNTICO;SOLEDAD;LA ALIANZA
ATLÁNTICO;SOLEDAD;PORTAL DE LOS NOGALES
ATLÁNTICO;SOLEDAD;CIUDAD PARAISO
ATLÁNTICO;SOLEDAD;SIETE DE AGOSTO
ATLÁNTICO;SOLEDAD;VEINTE DE JULIO
ATLÁNTICO;SOLEDAD;EL HIPODROMO
ATLÁNTICO;SOLEDAD;ALTOS DE SEVILLA
ATLÁNTICO;SOLEDAD;CONJUNTO RESIDENCIAL LOS ROBLES
ATLÁNTICO;SOLEDAD;LAS MARGARITAS
ATLÁNTICO;SOLEDAD;DOS BOSCO
ATLÁNTICO;SOLEDAD;LOS FUNDADORES
ATLÁNTICO;SOLEDAD;LAS MORAS
ATLÁNTICO;SOLEDAD;SAN VICENTE
ATLÁNTICO;SOLEDAD;NUEVO HORIZONTE II
ATLÁNTICO;SOLEDAD;LAS FARRUCAS
ATLÁNTICO;SOLEDAD;LOS COCOS
ATLÁNTICO;SOLEDAD;VILLA CARMEN I
ATLÁNTICO;SOLEDAD;ALTOS DE LA METRO
ATLÁNTICO;SOLEDAD;CIUDAD CAMELOT
ATLÁNTICO;SOLEDAD;CIUDAD SALITRE
ATLÁNTICO;SOLEDAD;LA VICTORIA
ATLÁNTICO;SOLEDAD;CABRERA
ATLÁNTICO;SOLEDAD;MARIA DE LOS ANGELES
ATLÁNTICO;SOLEDAD;URBANIZACION FALLACE
ATLÁNTICO;SOLEDAD;LOS CAMPANOS
ATLÁNTICO;SOLEDAD;CIUDAD DEL PUERTO
ATLÁNTICO;SOLEDAD;SALCEDO
ATLÁNTICO;SOLEDAD;LOS ARRAYANES
ATLÁNTICO;SOLEDAD;EL PASITO
ATLÁNTICO;SOLEDAD;NORMANDIA
ATLÁNTICO;SOLEDAD;VILLA SELENA
ATLÁNTICO;SOLEDAD;VILLA MARIA
ATLÁNTICO;SOLEDAD;BONANZA
ATLÁNTICO;SOLEDAD;URBANIZACION PARQUE MUVDI
ATLÁNTICO;SOLEDAD;SANTANA
ATLÁNTICO;SOLEDAD;CASAMEL
ATLÁNTICO;SOLEDAD;MANUELA BELTRAN
ATLÁNTICO;SOLEDAD;SALAMANCA
ATLÁNTICO;SOLEDAD;VISTA HERMOSA
ATLÁNTICO;SOLEDAD;LOS CUSULES
ATLÁNTICO;SOLEDAD;LOS ROSALES
ATLÁNTICO;SOLEDAD;VILLA ROSA
ATLÁNTICO;SOLEDAD;MORAS IV ETAPA
ATLÁNTICO;SOLEDAD;LA FE
ATLÁNTICO;SOLEDAD;VILLA ESTADIO II
ATLÁNTICO;SOLEDAD;VILLA VALENTINA
ATLÁNTICO;SOLEDAD;VILLA KARLA
ATLÁNTICO;SOLEDAD;CIUDAD TRANSMETRO
ATLÁNTICO;SOLEDAD;LINDA MARIA
ATLÁNTICO;SOLEDAD;VILLA KATANGA
ATLÁNTICO;SOLEDAD;CIUDAD BOLIVAR
ATLÁNTICO;SOLEDAD;CENTENARIO
ATLÁNTICO;SOLEDAD;LA LOMA
ATLÁNTICO;SOLEDAD;VILLA ANGELITA
ATLÁNTICO;SOLEDAD;ALTOS DE LOS ROBLES
ATLÁNTICO;SOLEDAD;ALTOS DE LOS ALMENDROS
ATLÁNTICO;SOLEDAD;PATIO LARGO
ATLÁNTICO;SOLEDAD;LOS LAURELES
ATLÁNTICO;SOLEDAD;VILLA DEL REY
ATLÁNTICO;SOLEDAD;LA SALLE
ATLÁNTICO;SOLEDAD;NUEVA ESPERANZA
ATLÁNTICO;SOLEDAD;BARRIOS4
ATLÁNTICO;SOLEDAD;VILLA SOL
ATLÁNTICO;SOLEDAD;LA ESPERANZA
ATLÁNTICO;SOLEDAD;JARDIN DE VILLA ESTADIO
ATLÁNTICO;SOLEDAD;PRIMERO DE MAYO
ATLÁNTICO;SOLEDAD;VILLA CARMEN
ATLÁNTICO;SOLEDAD;AEROPUERTO
ATLÁNTICO;SOLEDAD;LA INMACULADA
ATLÁNTICO;SOLEDAD;NUEVA JERUSALEN
ATLÁNTICO;SOLEDAD;URBANIZACION SOL REAL
ATLÁNTICO;SOLEDAD;BELLA JERUSALEN
ATLÁNTICO;SOLEDAD;LAS FERIAS
ATLÁNTICO;SOLEDAD;LA MARIA
ATLÁNTICO;SOLEDAD;DOCE DE OCTUBRE
ATLÁNTICO;SOLEDAD;VEINTE TRES DE NOVIEMBRE
ATLÁNTICO;SOLEDAD;CIUDADELA METROPOLITANA
ATLÁNTICO;SOLEDAD;PORTAL DE SOLEDAD
ATLÁNTICO;SOLEDAD;PUERTA DE ORO
ATLÁNTICO;SOLEDAD;EL PORTAL DE LAS MORAS
ATLÁNTICO;SOLEDAD;EL CORTIJO
ATLÁNTICO;SOLEDAD;VILLA MUVDI
ATLÁNTICO;SOLEDAD;LAS NUBES
ATLÁNTICO;SOLEDAD;LAS COLONIAS II
ATLÁNTICO;SOLEDAD;VILLA CEVILLA
ATLÁNTICO;SOLEDAD;VILLA CARMEN II
ATLÁNTICO;SOLEDAD;SAN ANTONIO
ATLÁNTICO;SOLEDAD;VILLA LAS MORAS
ATLÁNTICO;SOLEDAD;NORMANDIA SECTOR NORTE
ATLÁNTICO;SOLEDAD;LAS MARINAS
ATLÁNTICO;SOLEDAD;MARTHA GISELA
ATLÁNTICO;SOLEDAD;PRADO SOLEDAD
ATLÁNTICO;SOLEDAD;VILLA STEFANY
ATLÁNTICO;SOLEDAD;LA FLORESTA
ATLÁNTICO;SOLEDAD;SAN BERNARDO
ATLÁNTICO;SOLEDAD;ORIENTAL
ATLÁNTICO;SOLEDAD;CABICA
ATLÁNTICO;SOLEDAD;CACHIMBERO
ATLÁNTICO;SOLEDAD;LA BONGA
ATLÁNTICO;SOLEDAD;SANTA INES
ATLÁNTICO;SOLEDAD;EL TUCAN
ATLÁNTICO;SOLEDAD;LA CENTRAL
ATLÁNTICO;SOLEDAD;VILLA ESTHER
ATLÁNTICO;SOLEDAD;URB. CIUDAD DEL PARQUE
ATLÁNTICO;SOLEDAD;MORAS NORTE
ATLÁNTICO;SOLEDAD;LAS GAVIOTAS II
ATLÁNTICO;SOLEDAD;NUEVO HORIZONTE
ATLÁNTICO;SOLEDAD;ZARABANDA
ATLÁNTICO;SOLEDAD;SAN JUAN DE EUDES
ATLÁNTICO;SOLEDAD;VILLA LINDA
ATLÁNTICO;SOLEDAD;DOÑA SOLEDAD
ATLÁNTICO;SOLEDAD;LA CANDELARIA
ATLÁNTICO;SOLEDAD;VILLA ZAMBRANO
ATLÁNTICO;SOLEDAD;LAS TRINITARIAS
ATLÁNTICO;SOLEDAD;VILLA CECILIA
ATLÁNTICO;SOLEDAD;VILLA DEL CARMEN
ATLÁNTICO;SOLEDAD;LINDA MARIA II
ATLÁNTICO;SOLEDAD;LA RIVERA
ATLÁNTICO;SOLEDAD;VILLA SOFIA
ATLÁNTICO;SOLEDAD;BELLO HORIZONTE
ATLÁNTICO;SOLEDAD;VILLA GLADIS
ATLÁNTICO;SOLEDAD;BELLA MURILLO
ATLÁNTICO;SOLEDAD;ALTOS DE LA VILLA
ATLÁNTICO;SOLEDAD;TERRANOVA II
ATLÁNTICO;SOLEDAD;COSTA DE ORO
ATLÁNTICO;SOLEDAD;PORTAL DEL JORDAN
ATLÁNTICO;SOLEDAD;VILLA SEVERA
ATLÁNTICO;SOLEDAD;LA CANDELARIA II
ATLÁNTICO;SOLEDAD;EL PORVENIR
ATLÁNTICO;SOLEDAD;LOS LOTEROS
ATLÁNTICO;SOLEDAD;ALTOS DE JESUS
ATLÁNTICO;SOLEDAD;EL SINAI
ATLÁNTICO;SOLEDAD;VILLA DE LAS MORAS II
ATLÁNTICO;SOLEDAD;EL CARNERO
ATLÁNTICO;SOLEDAD;LOS CEDROS
ATLÁNTICO;SOLEDAD;EL RIO
ATLÁNTICO;SOLEDAD;VILLA MONACO
ATLÁNTICO;SOLEDAD;COSTA HERMOSA
ATLÁNTICO;SOLEDAD;LAS COLONIAS
ATLÁNTICO;SOLEDAD;LOS ALMENDROS
ATLÁNTICO;SOLEDAD;LA ILUSION
ATLÁNTICO;SOLEDAD;SOLUCION MINIMA
ATLÁNTICO;SOLEDAD;VILLA MONIKA
ATLÁNTICO;SOLEDAD;EL ESFUERZO
ATLÁNTICO;SOLEDAD;VILLA ESTADIO SECTOR N
ATLÁNTICO;SOLEDAD;SI NOS DEJAN
ATLÁNTICO;SOLEDAD;NUEVO EXITO
ATLÁNTICO;SOLEDAD;MONTECARMELO
ATLÁNTICO;SOLEDAD;SOLEDAD 2000
ATLÁNTICO;SOLEDAD;VILLA MURILLO
ATLÁNTICO;SOLEDAD;NACIONAL
ATLÁNTICO;SOLEDAD;VILLA MOSCA
ATLÁNTICO;SOLEDAD;VILLA LEONOR
ATLÁNTICO;SOLEDAD;VILLA CAMPANOS
ATLÁNTICO;SOLEDAD;RIGOBERTA MENCHU
ATLÁNTICO;SUAN;BARRIO ABAJO
ATLÁNTICO;SUAN;URBANIZACION SAN GABRIEL
ATLÁNTICO;SUAN;BARRIO CENTRO
ATLÁNTICO;SUAN;BARRIO VILLA SOL
ATLÁNTICO;SUAN;URBANIZACION  LA INMACULADA CONCEPCION
ATLÁNTICO;SUAN;SAN NICOLAS DEL NORTE
ATLÁNTICO;SUAN;SAN NICOLAS DEL SUR
ATLÁNTICO;SUAN;BARRIOS4
ATLÁNTICO;SUAN;BARRIO ARRIBA
ATLÁNTICO;SUAN;BARRIO LAS PALMAS
ATLÁNTICO;TUBARA;BUENOS AIRES
ATLÁNTICO;TUBARA;LA CUCHILLA
ATLÁNTICO;TUBARA;SANTO DOMINGO
ATLÁNTICO;TUBARA;LAS PALMERAS
ATLÁNTICO;TUBARA;EL CARMEN
ATLÁNTICO;TUBARA;BARRIOS4
ATLÁNTICO;TUBARA;LOS POZOS
ATLÁNTICO;TUBARA;LOMA FRESCA
ATLÁNTICO;TUBARA;YAGUARO
ATLÁNTICO;TUBARA;BARRIO ABAJO
ATLÁNTICO;TUBARA;EL LLANO
ATLÁNTICO;TUBARA;CENTRO
ATLÁNTICO;TUBARA;LA ERMITA
ATLÁNTICO;TUBARA;EL PRADITO
ATLÁNTICO;TUBARA;LA LOMA
ATLÁNTICO;USIACURI;GRANADA
ATLÁNTICO;USIACURI;LA UNION
ATLÁNTICO;USIACURI;TRANSVERSAL JULO FLORES
ATLÁNTICO;USIACURI;LA FLORESTA
ATLÁNTICO;USIACURI;19 DE MAYO
ATLÁNTICO;USIACURI;BELLA VISTA
ATLÁNTICO;USIACURI;LA CRUZ
ATLÁNTICO;USIACURI;SALSIPUEDES
ATLÁNTICO;USIACURI;EL ROBLE
ATLÁNTICO;USIACURI;CENTRO
ATLÁNTICO;USIACURI;NUEVA ESPERANZA
ATLÁNTICO;USIACURI;ISABELOPITO
ATLÁNTICO;USIACURI;LA QUINCE
ATLÁNTICO;USIACURI;CHACANITA
ATLÁNTICO;USIACURI;AVENIDA AL CAMPO
ATLÁNTICO;USIACURI;SANTA ANA
ATLÁNTICO;USIACURI;BARRIOS4
ATLÁNTICO;USIACURI;LA DOCE
ATLÁNTICO;USIACURI;CARRIZAL
ATLÁNTICO;USIACURI;DELICIAS
ATLÁNTICO;USIACURI;SAN LUIS
ATLÁNTICO;USIACURI;VILLA LUZ
ATLÁNTICO;USIACURI;SAN MARTIN
ATLÁNTICO;USIACURI;PARAISO
ATLÁNTICO;USIACURI;REAL PUMAREJO
ATLÁNTICO;USIACURI;VILLA GLORIA
ATLÁNTICO;USIACURI;LAS FLORES
